"年月日","基準価額（円）","前日比（円）","純資産総額（百万円）"
"2018/10/31","10000","‐","10"
"2018/11/01","10077","77","10"
"2018/11/02","10209","132","11"
"2018/11/05","10228","19","35"
"2018/11/06","10259","31","86"
"2018/11/07","10293","34","114"
"2018/11/08","10494","201","125"
"2018/11/09","10493","-1","135"
"2018/11/12","10388","-105","155"
"2018/11/13","10187","-201","165"
"2018/11/14","10232","45","165"
"2018/11/15","10156","-76","212"
"2018/11/16","10217","61","221"
"2018/11/19","10176","-41","228"
"2018/11/20","10059","-117","234"
"2018/11/21","9907","-152","245"
"2018/11/22","9987","80","255"
"2018/11/26","9925","-62","268"
"2018/11/27","10087","162","272"
"2018/11/28","10122","35","308"
"2018/11/29","10277","155","322"
"2018/11/30","10271","-6","367"
"2018/12/03","10325","54","379"
"2018/12/04","10426","101","395"
"2018/12/05","10143","-283","414"
"2018/12/06","10096","-47","439"
"2018/12/07","9995","-101","434"
"2018/12/10","9842","-153","450"
"2018/12/11","9824","-18","473"
"2018/12/12","9897","73","505"
"2018/12/13","9983","86","524"
"2018/12/14","9992","9","534"
"2018/12/17","9835","-157","538"
"2018/12/18","9633","-202","537"
"2018/12/19","9588","-45","555"
"2018/12/20","9501","-87","584"
"2018/12/21","9283","-218","597"
"2018/12/25","8878","-405","585"
"2018/12/26","8929","51","598"
"2018/12/27","9230","301","618"
"2018/12/28","9254","24","619"
"2019/01/04","8926","-328","659"
"2019/01/07","9261","335","718"
"2019/01/08","9346","85","788"
"2019/01/09","9414","68","829"
"2019/01/10","9448","34","857"
"2019/01/11","9504","56","870"
"2019/01/15","9456","-48","902"
"2019/01/16","9531","75","929"
"2019/01/17","9600","69","974"
"2019/01/18","9685","85","1028"
"2019/01/21","9820","135","1055"
"2019/01/22","9816","-4","1049"
"2019/01/23","9694","-122","1036"
"2019/01/24","9718","24","1122"
"2019/01/25","9756","38","1137"
"2019/01/28","9814","58","1151"
"2019/01/29","9735","-79","1161"
"2019/01/30","9759","24","1184"
"2019/01/31","9848","89","1206"
"2019/02/01","9905","57","1220"
"2019/02/04","9973","68","1250"
"2019/02/05","10047","74","1308"
"2019/02/06","10098","51","1364"
"2019/02/07","10070","-28","1360"
"2019/02/08","9958","-112","1345"
"2019/02/12","10029","71","1354"
"2019/02/13","10140","111","1472"
"2019/02/14","10192","52","1521"
"2019/02/15","10128","-64","1523"
"2019/02/18","10232","104","1593"
"2019/02/19","10243","11","1621"
"2019/02/20","10286","43","1628"
"2019/02/21","10321","35","1670"
"2019/02/22","10301","-20","1685"
"2019/02/25","10368","67","1713"
"2019/02/26","10413","45","1790"
"2019/02/27","10380","-33","1833"
"2019/02/28","10387","7","1852"
"2019/03/01","10418","31","1874"
"2019/03/04","10513","95","1915"
"2019/03/05","10477","-36","1997"
"2019/03/06","10452","-25","2040"
"2019/03/07","10402","-50","2052"
"2019/03/08","10292","-110","2049"
"2019/03/11","10200","-92","2048"
"2019/03/12","10382","182","2096"
"2019/03/13","10390","8","2128"
"2019/03/14","10452","62","2182"
"2019/03/15","10516","64","2208"
"2019/03/18","10550","34","2227"
"2019/03/19","10577","27","2264"
"2019/03/20","10616","39","2295"
"2019/03/22","10570","-46","2312"
"2019/03/25","10309","-261","2270"
"2019/03/26","10330","21","2314"
"2019/03/27","10415","85","2350"
"2019/03/28","10348","-67","2352"
"2019/03/29","10429","81","2404"
"2019/04/01","10519","90","2435"
"2019/04/02","10656","137","2521"
"2019/04/03","10684","28","2643"
"2019/04/04","10734","50","2674"
"2019/04/05","10763","29","2711"
"2019/04/08","10765","2","2724"
"2019/04/09","10781","16","2728"
"2019/04/10","10715","-66","2766"
"2019/04/11","10742","27","2792"
"2019/04/12","10791","49","2831"
"2019/04/15","10879","88","2872"
"2019/04/16","10874","-5","2920"
"2019/04/17","10904","30","2987"
"2019/04/18","10882","-22","3001"
"2019/04/19","10880","-2","3032"
"2019/04/22","10880","0","3055"
"2019/04/23","10870","-10","3052"
"2019/04/24","10934","64","3070"
"2019/04/25","10927","-7","3156"
"2019/04/26","10868","-59","3152"
"2019/05/07","10755","-113","3151"
"2019/05/08","10560","-195","3107"
"2019/05/09","10520","-40","3277"
"2019/05/10","10437","-83","3285"
"2019/05/13","10460","23","3325"
"2019/05/14","10237","-223","3305"
"2019/05/15","10318","81","3331"
"2019/05/16","10356","38","3421"
"2019/05/17","10476","120","3509"
"2019/05/20","10435","-41","3510"
"2019/05/21","10376","-59","3512"
"2019/05/22","10471","95","3586"
"2019/05/23","10424","-47","3587"
"2019/05/24","10263","-161","3552"
"2019/05/27","10278","15","3570"
"2019/05/28","10291","13","3590"
"2019/05/29","10201","-90","3559"
"2019/05/30","10151","-50","3610"
"2019/05/31","10142","-9","3616"
"2019/06/03","9976","-166","3573"
"2019/06/04","9954","-22","3601"
"2019/06/05","10119","165","3805"
"2019/06/06","10187","68","3860"
"2019/06/07","10247","60","3955"
"2019/06/10","10354","107","4025"
"2019/06/11","10409","55","4047"
"2019/06/12","10443","34","4022"
"2019/06/13","10392","-51","4015"
"2019/06/14","10410","18","4045"
"2019/06/17","10387","-23","4064"
"2019/06/18","10379","-8","4055"
"2019/06/19","10497","118","4145"
"2019/06/20","10494","-3","4156"
"2019/06/21","10544","50","4187"
"2019/06/24","10540","-4","4208"
"2019/06/25","10516","-24","4214"
"2019/06/26","10438","-78","4199"
"2019/06/27","10476","38","4248"
"2019/06/28","10521","45","4277"
"2019/07/01","10623","102","4336"
"2019/07/02","10703","80","4429"
"2019/07/03","10660","-43","4411"
"2019/07/04","10739","79","4611"
"2019/07/05","10757","18","4632"
"2019/07/08","10766","9","4635"
"2019/07/09","10739","-27","4686"
"2019/07/10","10744","5","4733"
"2019/07/11","10720","-24","4735"
"2019/07/12","10766","46","4793"
"2019/07/16","10750","-16","4807"
"2019/07/17","10760","10","4837"
"2019/07/18","10656","-104","4878"
"2019/07/19","10668","12","4908"
"2019/07/22","10664","-4","4958"
"2019/07/23","10688","24","4987"
"2019/07/24","10759","71","5075"
"2019/07/25","10791","32","5121"
"2019/07/26","10788","-3","5173"
"2019/07/29","10802","14","5219"
"2019/07/30","10831","29","5260"
"2019/07/31","10758","-73","5255"
"2019/08/01","10716","-42","5251"
"2019/08/02","10458","-258","5172"
"2019/08/05","10258","-200","5242"
"2019/08/06","9961","-297","5130"
"2019/08/07","10044","83","5260"
"2019/08/08","10050","6","5325"
"2019/08/09","10210","160","5513"
"2019/08/13","10002","-208","5469"
"2019/08/14","10178","176","5602"
"2019/08/15","9919","-259","5596"
"2019/08/16","9927","8","5636"
"2019/08/19","10074","147","5807"
"2019/08/20","10201","127","5925"
"2019/08/21","10122","-79","5932"
"2019/08/22","10219","97","6018"
"2019/08/23","10200","-19","6035"
"2019/08/26","9885","-315","5881"
"2019/08/27","10000","115","5972"
"2019/08/28","9987","-13","5964"
"2019/08/29","10048","61","6088"
"2019/08/30","10194","146","6204"
"2019/09/02","10186","-8","6186"
"2019/09/03","10202","16","6207"
"2019/09/04","10116","-86","6155"
"2019/09/05","10295","179","6506"
"2019/09/06","10463","168","6630"
"2019/09/09","10477","14","6662"
"2019/09/10","10527","50","6714"
"2019/09/11","10562","35","6769"
"2019/09/12","10674","112","6901"
"2019/09/13","10734","60","6963"
"2019/09/17","10702","-32","6961"
"2019/09/18","10717","15","6988"
"2019/09/19","10731","14","7032"
"2019/09/20","10712","-19","7033"
"2019/09/24","10629","-83","6995"
"2019/09/25","10519","-110","6939"
"2019/09/26","10580","61","7004"
"2019/09/27","10584","4","7044"
"2019/09/30","10556","-28","7041"
"2019/10/01","10615","59","7102"
"2019/10/02","10474","-141","7051"
"2019/10/03","10231","-243","6887"
"2019/10/04","10266","35","7167"
"2019/10/07","10359","93","7308"
"2019/10/08","10403","44","7359"
"2019/10/09","10258","-145","7256"
"2019/10/10","10345","87","7412"
"2019/10/11","10491","146","7545"
"2019/10/15","10652","161","7712"
"2019/10/16","10769","117","7831"
"2019/10/17","10773","4","7915"
"2019/10/18","10800","27","7947"
"2019/10/21","10754","-46","7920"
"2019/10/23","10788","34","7947"
"2019/10/24","10835","47","8048"
"2019/10/25","10870","35","8102"
"2019/10/28","10906","36","8172"
"2019/10/29","10982","76","8289"
"2019/10/30","10964","-18","8350"
"2019/10/31","10999","35","8385"
"2019/11/01","10884","-115","8294"
"2019/11/05","11116","232","8499"
"2019/11/06","11140","24","8807"
"2019/11/07","11132","-8","8892"
"2019/11/08","11213","81","8975"
"2019/11/11","11183","-30","9080"
"2019/11/12","11166","-17","9081"
"2019/11/13","11153","-13","9071"
"2019/11/14","11115","-38","9157"
"2019/11/15","11103","-12","9137"
"2019/11/18","11202","99","9212"
"2019/11/19","11181","-21","9244"
"2019/11/20","11190","9","9326"
"2019/11/21","11129","-61","9325"
"2019/11/22","11128","-1","9387"
"2019/11/25","11165","37","9455"
"2019/11/26","11267","102","9591"
"2019/11/27","11291","24","9693"
"2019/11/28","11354","63","9771"
"2019/11/29","11361","7","9803"
"2019/12/02","11328","-33","9774"
"2019/12/03","11198","-130","9659"
"2019/12/04","11075","-123","9887"
"2019/12/05","11169","94","10011"
"2019/12/06","11184","15","10082"
"2019/12/09","11252","68","10187"
"2019/12/10","11233","-19","10284"
"2019/12/11","11231","-2","10402"
"2019/12/12","11256","25","10538"
"2019/12/13","11466","210","10767"
"2019/12/16","11478","12","10823"
"2019/12/17","11577","99","11049"
"2019/12/18","11580","3","11169"
"2019/12/19","11599","19","11288"
"2019/12/20","11597","-2","11299"
"2019/12/23","11635","38","11399"
"2019/12/24","11654","19","11420"
"2019/12/25","11639","-15","11513"
"2019/12/26","11669","30","11559"
"2019/12/27","11723","54","11613"
"2019/12/30","11736","13","11625"
"2020/01/06","11569","-167","11641"
"2020/01/07","11624","55","11758"
"2020/01/08","11539","-85","12192"
"2020/01/09","11717","178","12490"
"2020/01/10","11828","111","12700"
"2020/01/14","11947","119","13021"
"2020/01/15","11916","-31","13148"
"2020/01/16","11930","14","13496"
"2020/01/17","12036","106","13847"
"2020/01/20","12071","35","13998"
"2020/01/21","12067","-4","14110"
"2020/01/22","11985","-82","14015"
"2020/01/23","11974","-11","14321"
"2020/01/24","11932","-42","14777"
"2020/01/27","11811","-121","14723"
"2020/01/28","11603","-208","14570"
"2020/01/29","11711","108","14706"
"2020/01/30","11685","-26","14673"
"2020/01/31","11667","-18","15048"
"2020/02/03","11453","-214","14856"
"2020/02/04","11514","61","15079"
"2020/02/05","11779","265","16000"
"2020/02/06","11933","154","16327"
"2020/02/07","11987","54","16515"
"2020/02/10","11888","-99","16538"
"2020/02/12","12003","115","16743"
"2020/02/13","12074","71","17096"
"2020/02/14","12049","-25","17252"
"2020/02/17","12048","-1","17346"
"2020/02/18","12048","0","17465"
"2020/02/19","12010","-38","17409"
"2020/02/20","12216","206","17984"
"2020/02/21","12241","25","18078"
"2020/02/25","11638","-603","17266"
"2020/02/26","11328","-310","16866"
"2020/02/27","11261","-67","16997"
"2020/02/28","10793","-468","16510"
"2020/03/02","10476","-317","16186"
"2020/03/03","10831","355","16875"
"2020/03/04","10621","-210","17380"
"2020/03/05","10931","310","18180"
"2020/03/06","10569","-362","17741"
"2020/03/09","9933","-636","16857"
"2020/03/10","9362","-571","16015"
"2020/03/11","9751","389","16869"
"2020/03/12","9356","-395","16442"
"2020/03/13","8521","-835","15143"
"2020/03/16","9140","619","16485"
"2020/03/17","8294","-846","15244"
"2020/03/18","8645","351","16285"
"2020/03/19","8320","-325","15944"
"2020/03/23","8339","19","16215"
"2020/03/24","8102","-237","15944"
"2020/03/25","8832","730","17346"
"2020/03/26","8993","161","17892"
"2020/03/27","9286","293","18750"
"2020/03/30","8923","-363","18211"
"2020/03/31","9170","247","18859"
"2020/04/01","9029","-141","18711"
"2020/04/02","8684","-345","18149"
"2020/04/03","8852","168","19230"
"2020/04/06","8827","-25","19660"
"2020/04/07","9319","492","20847"
"2020/04/08","9365","46","21188"
"2020/04/09","9581","216","21688"
"2020/04/10","9693","112","22076"
"2020/04/13","9652","-41","22179"
"2020/04/14","9562","-90","21971"
"2020/04/15","9738","176","22376"
"2020/04/16","9552","-186","22372"
"2020/04/17","9621","69","22711"
"2020/04/20","9839","218","23341"
"2020/04/21","9718","-121","23127"
"2020/04/22","9442","-276","22626"
"2020/04/23","9620","178","23134"
"2020/04/24","9621","1","23188"
"2020/04/27","9685","64","23425"
"2020/04/28","9813","128","23806"
"2020/04/30","10020","207","24504"
"2020/05/01","9951","-69","24432"
"2020/05/07","9654","-297","23702"
"2020/05/08","9785","131","24024"
"2020/05/11","9979","194","25762"
"2020/05/12","10017","38","25859"
"2020/05/13","9863","-154","25801"
"2020/05/14","9685","-178","25450"
"2020/05/15","9750","65","25713"
"2020/05/18","9763","13","25833"
"2020/05/19","10078","315","26834"
"2020/05/20","10098","20","27026"
"2020/05/21","10207","109","27410"
"2020/05/22","10132","-75","27300"
"2020/05/25","10103","-29","27322"
"2020/05/26","10171","68","27611"
"2020/05/27","10292","121","27939"
"2020/05/28","10450","158","28703"
"2020/05/29","10431","-19","28789"
"2020/06/01","10471","40","29061"
"2020/06/02","10554","83","29336"
"2020/06/03","10789","235","31035"
"2020/06/04","10970","181","31641"
"2020/06/05","10982","12","31743"
"2020/06/08","11261","279","32606"
"2020/06/09","11214","-47","32595"
"2020/06/10","11118","-96","32480"
"2020/06/11","11000","-118","31800"
"2020/06/12","10443","-557","30276"
"2020/06/15","10541","98","30564"
"2020/06/16","10625","84","30865"
"2020/06/17","10816","191","31679"
"2020/06/18","10760","-56","31671"
"2020/06/19","10760","0","31763"
"2020/06/22","10722","-38","31728"
"2020/06/23","10798","76","32025"
"2020/06/24","10833","35","32325"
"2020/06/25","10633","-200","31761"
"2020/06/26","10715","82","32070"
"2020/06/29","10549","-166","31573"
"2020/06/30","10691","142","32174"
"2020/07/01","10827","136","32691"
"2020/07/02","10821","-6","32788"
"2020/07/03","10934","113","33131"
"2020/07/06","10960","26","34289"
"2020/07/07","11112","152","34763"
"2020/07/08","11036","-76","34654"
"2020/07/09","11083","47","34891"
"2020/07/10","11005","-78","34786"
"2020/07/13","11072","67","35087"
"2020/07/14","11065","-7","35218"
"2020/07/15","11160","95","35723"
"2020/07/16","11229","69","36501"
"2020/07/17","11190","-39","36563"
"2020/07/20","11258","68","36879"
"2020/07/21","11334","76","37212"
"2020/07/22","11357","23","37519"
"2020/07/27","11092","-265","36735"
"2020/07/28","11127","35","36965"
"2020/07/29","11060","-67","37113"
"2020/07/30","11155","95","37545"
"2020/07/31","11032","-123","37232"
"2020/08/03","11191","159","37844"
"2020/08/04","11296","105","38277"
"2020/08/05","11303","7","39589"
"2020/08/06","11374","71","39933"
"2020/08/07","11410","36","40222"
"2020/08/11","11459","49","40488"
"2020/08/12","11496","37","40771"
"2020/08/13","11664","168","41656"
"2020/08/14","11674","10","41769"
"2020/08/17","11599","-75","41625"
"2020/08/18","11581","-18","41684"
"2020/08/19","11545","-36","42000"
"2020/08/20","11583","38","42362"
"2020/08/21","11536","-47","42365"
"2020/08/24","11564","28","42745"
"2020/08/25","11715","151","43392"
"2020/08/26","11799","84","43907"
"2020/08/27","11840","41","44228"
"2020/08/28","11902","62","44513"
"2020/08/31","11836","-66","44363"
"2020/09/01","11847","11","44540"
"2020/09/02","11933","86","44863"
"2020/09/03","12083","150","47173"
"2020/09/04","11764","-319","46010"
"2020/09/07","11671","-93","45750"
"2020/09/08","11692","21","45908"
"2020/09/09","11406","-286","44788"
"2020/09/10","11623","217","46035"
"2020/09/11","11491","-132","45645"
"2020/09/14","11514","23","45927"
"2020/09/15","11589","75","46358"
"2020/09/16","11617","28","46848"
"2020/09/17","11553","-64","46893"
"2020/09/18","11462","-91","46619"
"2020/09/23","11276","-186","45982"
"2020/09/24","11135","-141","45511"
"2020/09/25","11124","-11","45849"
"2020/09/28","11225","101","46326"
"2020/09/29","11403","178","47269"
"2020/09/30","11401","-2","47530"
"2020/10/01","11436","35","47785"
"2020/10/02","11488","52","48170"
"2020/10/05","11434","-54","47941"
"2020/10/06","11621","187","48725"
"2020/10/07","11525","-96","50437"
"2020/10/08","11713","188","51465"
"2020/10/09","11788","75","51970"
"2020/10/12","11845","57","52332"
"2020/10/13","11956","111","52913"
"2020/10/14","11903","-53","52680"
"2020/10/15","11830","-73","52872"
"2020/10/16","11753","-77","52657"
"2020/10/19","11796","43","53127"
"2020/10/20","11706","-90","52894"
"2020/10/21","11734","28","53264"
"2020/10/22","11609","-125","52936"
"2020/10/23","11643","34","53215"
"2020/10/26","11686","43","53563"
"2020/10/27","11520","-166","52935"
"2020/10/28","11438","-82","52560"
"2020/10/29","11110","-328","51628"
"2020/10/30","11175","65","52185"
"2020/11/02","11082","-93","51973"
"2020/11/04","11397","315","53686"
"2020/11/05","11600","203","57211"
"2020/11/06","11769","169","58378"
"2020/11/09","11771","2","58608"
"2020/11/10","12129","358","60514"
"2020/11/11","12136","7","60817"
"2020/11/12","12248","112","61632"
"2020/11/13","12104","-144","60907"
"2020/11/16","12201","97","61551"
"2020/11/17","12315","114","62270"
"2020/11/18","12237","-78","62414"
"2020/11/19","12156","-81","62193"
"2020/11/20","12178","22","62534"
"2020/11/24","12304","126","63416"
"2020/11/25","12460","156","64487"
"2020/11/26","12443","-17","64871"
"2020/11/27","12430","-13","65023"
"2020/11/30","12431","1","65032"
"2020/12/01","12379","-52","65073"
"2020/12/02","12536","157","66402"
"2020/12/03","12576","40","69321"
"2020/12/04","12534","-42","69470"
"2020/12/07","12650","116","70286"
"2020/12/08","12638","-12","70488"
"2020/12/09","12688","50","71531"
"2020/12/10","12632","-56","71553"
"2020/12/11","12616","-16","71864"
"2020/12/14","12595","-21","72263"
"2020/12/15","12579","-16","72514"
"2020/12/16","12638","59","73652"
"2020/12/17","12666","28","74431"
"2020/12/18","12730","64","75164"
"2020/12/21","12700","-30","75283"
"2020/12/22","12593","-107","74999"
"2020/12/23","12621","28","75850"
"2020/12/24","12671","50","76211"
"2020/12/25","12672","1","76628"
"2020/12/28","12698","26","77049"
"2020/12/29","12809","111","77722"
"2020/12/30","12788","-21","77594"
"2021/01/04","12803","15","78757"
"2021/01/05","12738","-65","78810"
"2021/01/06","12781","43","82322"
"2021/01/07","12895","114","83494"
"2021/01/08","13142","247","85358"
"2021/01/12","13200","58","86055"
"2021/01/13","13170","-30","86168"
"2021/01/14","13223","53","87335"
"2021/01/15","13203","-20","87581"
"2021/01/18","13080","-123","87211"
"2021/01/19","13085","5","87865"
"2021/01/20","13208","123","88687"
"2021/01/21","13323","115","90613"
"2021/01/22","13329","6","91088"
"2021/01/25","13311","-18","91347"
"2021/01/26","13322","11","91810"
"2021/01/27","13284","-38","92621"
"2021/01/28","13057","-227","91460"
"2021/01/29","13130","73","92435"
"2021/02/01","12946","-184","91477"
"2021/02/02","13167","221","93309"
"2021/02/03","13368","201","98390"
"2021/02/04","13391","23","98949"
"2021/02/05","13546","155","100483"
"2021/02/08","13630","84","101319"
"2021/02/09","13672","42","102004"
"2021/02/10","13628","-44","102517"
"2021/02/12","13697","69","103596"
"2021/02/15","13812","115","105206"
"2021/02/16","13912","100","105967"
"2021/02/17","13975","63","106450"
"2021/02/18","13890","-85","108218"
"2021/02/19","13811","-79","108216"
"2021/02/22","13807","-4","108894"
"2021/02/24","13654","-153","108169"
"2021/02/25","13813","159","110519"
"2021/02/26","13583","-230","109443"
"2021/03/01","13483","-100","109242"
"2021/03/02","13788","305","112173"
"2021/03/03","13723","-65","116641"
"2021/03/04","13634","-89","116282"
"2021/03/05","13556","-78","116025"
"2021/03/08","13731","175","117919"
"2021/03/09","13754","23","118510"
"2021/03/10","13875","121","120468"
"2021/03/11","13940","65","121362"
"2021/03/12","14145","205","123805"
"2021/03/15","14185","40","124763"
"2021/03/16","14261","76","125985"
"2021/03/17","14256","-5","127082"
"2021/03/18","14286","30","127973"
"2021/03/19","14148","-138","127392"
"2021/03/22","14075","-73","127330"
"2021/03/23","14137","62","128463"
"2021/03/24","13975","-162","128229"
"2021/03/25","13918","-57","128169"
"2021/03/26","14008","90","129481"
"2021/03/29","14233","225","132242"
"2021/03/30","14255","22","132888"
"2021/03/31","14347","92","134658"
"2021/04/01","14398","51","135453"
"2021/04/02","14544","146","137427"
"2021/04/05","14548","4","142896"
"2021/04/06","14621","73","143614"
"2021/04/07","14606","-15","143468"
"2021/04/08","14593","-13","143336"
"2021/04/09","14624","31","146589"
"2021/04/12","14713","89","148069"
"2021/04/13","14669","-44","148127"
"2021/04/14","14631","-38","149060"
"2021/04/15","14640","9","149866"
"2021/04/16","14734","94","151454"
"2021/04/19","14784","50","152812"
"2021/04/20","14674","-110","152334"
"2021/04/21","14521","-153","151795"
"2021/04/22","14625","104","153759"
"2021/04/23","14554","-71","153551"
"2021/04/26","14681","127","155341"
"2021/04/27","14745","64","156445"
"2021/04/28","14839","94","158566"
"2021/04/30","14899","60","159656"
"2021/05/06","14792","-107","159093"
"2021/05/07","14860","68","160852"
"2021/05/10","14955","95","169773"
"2021/05/11","14852","-103","169325"
"2021/05/12","14671","-181","168711"
"2021/05/13","14534","-137","167813"
"2021/05/14","14615","81","169365"
"2021/05/17","14797","182","171843"
"2021/05/18","14774","-23","172122"
"2021/05/19","14729","-45","173053"
"2021/05/20","14670","-59","172858"
"2021/05/21","14789","119","174261"
"2021/05/24","14793","4","175387"
"2021/05/25","14884","91","176808"
"2021/05/26","14889","5","177880"
"2021/05/27","14957","68","179383"
"2021/05/28","15102","145","181618"
"2021/05/31","15100","-2","182203"
"2021/06/01","15071","-29","182450"
"2021/06/02","15147","76","183376"
"2021/06/03","15170","23","192137"
"2021/06/04","15184","14","192928"
"2021/06/07","15201","17","193721"
"2021/06/08","15192","-9","194191"
"2021/06/09","15187","-5","195606"
"2021/06/10","15187","0","196358"
"2021/06/11","15229","42","197610"
"2021/06/14","15299","70","199436"
"2021/06/15","15381","82","201168"
"2021/06/16","15364","-17","200943"
"2021/06/17","15346","-18","203486"
"2021/06/18","15258","-88","203362"
"2021/06/21","15054","-204","201466"
"2021/06/22","15218","164","204216"
"2021/06/23","15338","120","207075"
"2021/06/24","15375","37","208277"
"2021/06/25","15465","90","210001"
"2021/06/28","15476","11","210712"
"2021/06/29","15453","-23","211147"
"2021/06/30","15458","5","212839"
"2021/07/01","15492","34","213878"
"2021/07/02","15619","127","216543"
"2021/07/05","15620","1","216559"
"2021/07/06","15593","-27","225448"
"2021/07/07","15475","-118","223742"
"2021/07/08","15520","45","226665"
"2021/07/09","15272","-248","223748"
"2021/07/12","15480","208","227463"
"2021/07/13","15574","94","229393"
"2021/07/14","15566","-8","230807"
"2021/07/15","15468","-98","229859"
"2021/07/16","15414","-54","229447"
"2021/07/19","15304","-110","228873"
"2021/07/20","15017","-287","225192"
"2021/07/21","15225","208","228916"
"2021/07/26","15594","369","235223"
"2021/07/27","15544","-50","235005"
"2021/07/28","15376","-168","233691"
"2021/07/29","15424","48","234563"
"2021/07/30","15483","59","235930"
"2021/08/02","15423","-60","235355"
"2021/08/03","15408","-15","235364"
"2021/08/04","15448","40","245313"
"2021/08/05","15519","71","246822"
"2021/08/06","15611","92","248606"
"2021/08/10","15656","45","249738"
"2021/08/11","15728","72","251153"
"2021/08/12","15721","-7","252868"
"2021/08/13","15754","33","253840"
"2021/08/16","15635","-119","252466"
"2021/08/17","15572","-63","251994"
"2021/08/18","15510","-62","252361"
"2021/08/19","15458","-52","251997"
"2021/08/20","15354","-104","250761"
"2021/08/23","15441","87","252580"
"2021/08/24","15584","143","255440"
"2021/08/25","15669","85","257586"
"2021/08/26","15736","67","258740"
"2021/08/27","15629","-107","257448"
"2021/08/30","15733","104","259504"
"2021/08/31","15819","86","261393"
"2021/09/01","15873","54","262279"
"2021/09/02","15891","18","263821"
"2021/09/03","15949","58","274099"
"2021/09/06","15939","-10","274306"
"2021/09/07","15978","39","275435"
"2021/09/08","15995","17","275721"
"2021/09/09","15906","-89","276123"
"2021/09/10","15795","-111","275703"
"2021/09/13","15750","-45","275523"
"2021/09/14","15786","36","277071"
"2021/09/15","15657","-129","275893"
"2021/09/16","15678","21","277017"
"2021/09/17","15698","20","278515"
"2021/09/21","15279","-419","271679"
"2021/09/22","15258","-21","271891"
"2021/09/24","15723","465","281252"
"2021/09/27","15735","12","281463"
"2021/09/28","15732","-3","282946"
"2021/09/29","15520","-212","280137"
"2021/09/30","15544","24","280961"
"2021/10/01","15360","-184","278055"
"2021/10/04","15387","27","279145"
"2021/10/05","15212","-175","275982"
"2021/10/06","15431","219","290042"
"2021/10/07","15396","-35","289765"
"2021/10/08","15619","223","294262"
"2021/10/11","15698","79","296216"
"2021/10/12","15790","92","299772"
"2021/10/13","15753","-37","299071"
"2021/10/14","15839","86","302267"
"2021/10/15","16128","289","308150"
"2021/10/18","16295","167","311335"
"2021/10/19","16325","30","312921"
"2021/10/20","16499","174","317071"
"2021/10/21","16499","0","317443"
"2021/10/22","16470","-29","317717"
"2021/10/25","16428","-42","317261"
"2021/10/26","16502","74","319317"
"2021/10/27","16569","67","321944"
"2021/10/28","16433","-136","319940"
"2021/10/29","16530","97","322437"
"2021/11/01","16567","37","323813"
"2021/11/02","16625","58","325535"
"2021/11/04","16754","129","338518"
"2021/11/05","16739","-15","338417"
"2021/11/08","16750","11","339759"
"2021/11/09","16724","-26","340132"
"2021/11/10","16632","-92","341601"
"2021/11/11","16669","37","343048"
"2021/11/12","16742","73","345729"
"2021/11/15","16814","72","347231"
"2021/11/16","16844","30","349132"
"2021/11/17","16966","122","353813"
"2021/11/18","16832","-134","351734"
"2021/11/19","16869","37","353291"
"2021/11/22","16767","-102","351952"
"2021/11/24","16810","43","353503"
"2021/11/25","16852","42","356171"
"2021/11/26","16787","-65","356001"
"2021/11/29","16237","-550","344328"
"2021/11/30","16366","129","348644"
"2021/12/01","16069","-297","343494"
"2021/12/02","15944","-125","341920"
"2021/12/03","16108","164","356583"
"2021/12/06","15963","-145","354327"
"2021/12/07","16175","212","360062"
"2021/12/08","16517","342","369466"
"2021/12/09","16601","84","372583"
"2021/12/10","16447","-154","372077"
"2021/12/13","16529","82","374561"
"2021/12/14","16406","-123","372974"
"2021/12/15","16310","-96","372241"
"2021/12/16","16551","241","378602"
"2021/12/17","16445","-106","377743"
"2021/12/20","16247","-198","374248"
"2021/12/21","16080","-167","371230"
"2021/12/22","16409","329","381005"
"2021/12/23","16580","171","385972"
"2021/12/24","16726","146","390216"
"2021/12/27","16706","-20","390531"
"2021/12/28","16954","248","396314"
"2021/12/29","16944","-10","396078"
"2021/12/30","16971","27","396722"
"2022/01/04","17073","102","401897"
"2022/01/05","17194","121","405198"
"2022/01/06","16908","-286","407915"
"2022/01/07","16839","-69","407918"
"2022/01/11","16687","-152","405069"
"2022/01/12","16863","176","410342"
"2022/01/13","16869","6","414514"
"2022/01/14","16615","-254","408973"
"2022/01/17","16610","-5","409610"
"2022/01/18","16661","51","411599"
"2022/01/19","16388","-273","404859"
"2022/01/20","16255","-133","403891"
"2022/01/21","16099","-156","400409"
"2022/01/24","15838","-261","394780"
"2022/01/25","15733","-105","392622"
"2022/01/26","15571","-162","389301"
"2022/01/27","15651","80","391931"
"2022/01/28","15676","25","393186"
"2022/01/31","15900","224","399340"
"2022/02/01","16138","238","406078"
"2022/02/02","16231","93","409609"
"2022/02/03","16288","57","411036"
"2022/02/04","16093","-195","406112"
"2022/02/07","16181","88","408347"
"2022/02/08","16175","-6","419139"
"2022/02/09","16304","129","423492"
"2022/02/10","16558","254","432998"
"2022/02/14","16102","-456","421523"
"2022/02/15","15968","-134","418774"
"2022/02/16","16247","279","427333"
"2022/02/17","16248","1","428618"
"2022/02/18","15929","-319","420808"
"2022/02/21","15809","-120","418218"
"2022/02/22","15705","-104","415987"
"2022/02/24","15393","-312","407729"
"2022/02/25","15445","52","410892"
"2022/02/28","15771","326","420332"
"2022/03/01","15730","-41","420173"
"2022/03/02","15445","-285","414447"
"2022/03/03","15725","280","431654"
"2022/03/04","15547","-178","427547"
"2022/03/07","15233","-314","419531"
"2022/03/08","14891","-342","410654"
"2022/03/09","14851","-40","410640"
"2022/03/10","15313","462","426944"
"2022/03/11","15269","-44","426276"
"2022/03/14","15260","-9","426823"
"2022/03/15","15239","-21","426709"
"2022/03/16","15424","185","432711"
"2022/03/17","15959","535","448683"
"2022/03/18","16163","204","454988"
"2022/03/22","16458","295","464161"
"2022/03/23","16824","366","475133"
"2022/03/24","16669","-155","472499"
"2022/03/25","16946","277","480765"
"2022/03/28","16979","33","482139"
"2022/03/29","17336","357","492995"
"2022/03/30","17348","12","494105"
"2022/03/31","17283","-65","492385"
"2022/04/01","17021","-262","485230"
"2022/04/04","17110","89","488185"
"2022/04/05","17263","153","501933"
"2022/04/06","17265","2","503000"
"2022/04/07","17024","-241","496000"
"2022/04/08","17045","21","497685"
"2022/04/11","17158","113","501421"
"2022/04/12","17038","-120","501617"
"2022/04/13","16994","-44","501409"
"2022/04/14","17167","173","507076"
"2022/04/15","17117","-50","506092"
"2022/04/18","17136","19","507156"
"2022/04/19","17204","68","509175"
"2022/04/20","17637","433","521990"
"2022/04/21","17519","-118","521581"
"2022/04/22","17356","-163","517794"
"2022/04/25","16958","-398","506487"
"2022/04/26","16756","-202","501071"
"2022/04/27","16390","-366","492009"
"2022/04/28","16561","171","497993"
"2022/05/02","16678","117","502577"
"2022/05/06","16668","-10","503232"
"2022/05/09","16492","-176","497919"
"2022/05/10","15930","-562","493832"
"2022/05/11","15981","51","495409"
"2022/05/12","15774","-207","495029"
"2022/05/13","15596","-178","490653"
"2022/05/16","16047","451","505953"
"2022/05/17","15978","-69","504879"
"2022/05/18","16305","327","517902"
"2022/05/19","15724","-581","500197"
"2022/05/20","15584","-140","496664"
"2022/05/23","15651","67","499893"
"2022/05/24","15873","222","508553"
"2022/05/25","15635","-238","502483"
"2022/05/26","15818","183","509475"
"2022/05/27","15999","181","516401"
"2022/05/30","16345","346","528290"
"2022/05/31","16553","208","535785"
"2022/06/01","16574","21","536481"
"2022/06/02","16572","-2","538364"
"2022/06/03","16799","227","556113"
"2022/06/06","16716","-83","553362"
"2022/06/07","16955","239","561275"
"2022/06/08","17122","167","569423"
"2022/06/09","17214","92","573150"
"2022/06/10","16825","-389","564199"
"2022/06/13","16436","-389","551602"
"2022/06/14","15773","-663","530280"
"2022/06/15","15778","5","531760"
"2022/06/16","15919","141","537332"
"2022/06/17","15367","-552","520609"
"2022/06/20","15577","210","528979"
"2022/06/21","15630","53","531764"
"2022/06/22","16040","410","545725"
"2022/06/23","15935","-105","544949"
"2022/06/24","15900","-35","544510"
"2022/06/27","16266","366","557570"
"2022/06/28","16407","141","563371"
"2022/06/29","16264","-143","559982"
"2022/06/30","16241","-23","559744"
"2022/07/01","15995","-246","551561"
"2022/07/04","15973","-22","551460"
"2022/07/05","16132","159","556959"
"2022/07/06","15993","-139","552134"
"2022/07/07","16054","61","566721"
"2022/07/08","16323","269","576616"
"2022/07/11","16386","63","579507"
"2022/07/12","16242","-144","579009"
"2022/07/13","16106","-136","575577"
"2022/07/14","16152","46","577765"
"2022/07/15","16158","6","578462"
"2022/07/19","16339","181","585569"
"2022/07/20","16714","375","600239"
"2022/07/21","16823","109","605744"
"2022/07/22","16824","1","606804"
"2022/07/25","16619","-205","599704"
"2022/07/26","16635","16","600184"
"2022/07/27","16550","-85","598880"
"2022/07/28","16783","233","607918"
"2022/07/29","16758","-25","607918"
"2022/08/01","16746","-12","608211"
"2022/08/02","16479","-267","599047"
"2022/08/03","16688","209","617998"
"2022/08/04","16877","189","625948"
"2022/08/05","16846","-31","625474"
"2022/08/08","17085","239","634736"
"2022/08/09","17047","-38","634044"
"2022/08/10","17018","-29","638451"
"2022/08/12","17133","115","643367"
"2022/08/15","17295","162","650839"
"2022/08/16","17325","30","652802"
"2022/08/17","17515","190","662887"
"2022/08/18","17465","-50","661572"
"2022/08/19","17630","165","668510"
"2022/08/22","17532","-98","665384"
"2022/08/23","17230","-302","654423"
"2022/08/24","17145","-85","652951"
"2022/08/25","17199","54","655650"
"2022/08/26","17379","180","663645"
"2022/08/29","17112","-267","654667"
"2022/08/30","17046","-66","652886"
"2022/08/31","16909","-137","647641"
"2022/09/01","16878","-31","648355"
"2022/09/02","16862","-16","648607"
"2022/09/05","16819","-43","658169"
"2022/09/06","16805","-14","658654"
"2022/09/07","17034","229","667625"
"2022/09/08","17407","373","683925"
"2022/09/09","17456","49","686579"
"2022/09/12","17616","160","697715"
"2022/09/13","17802","186","705352"
"2022/09/14","17412","-390","689929"
"2022/09/15","17262","-150","685659"
"2022/09/16","17083","-179","679165"
"2022/09/20","17019","-64","678339"
"2022/09/21","16897","-122","674234"
"2022/09/22","16731","-166","669777"
"2022/09/26","16135","-596","646513"
"2022/09/27","16037","-98","643335"
"2022/09/28","16013","-24","644941"
"2022/09/29","16209","196","654013"
"2022/09/30","16016","-193","647428"
"2022/10/03","15885","-131","643199"
"2022/10/04","16205","320","657429"
"2022/10/05","16619","414","687248"
"2022/10/06","16682","63","689861"
"2022/10/07","16529","-153","686582"
"2022/10/11","16091","-438","668903"
"2022/10/12","15985","-106","665243"
"2022/10/13","16026","41","673299"
"2022/10/14","16373","347","688834"
"2022/10/17","16243","-130","684260"
"2022/10/18","16643","400","701958"
"2022/10/19","16860","217","713366"
"2022/10/20","16784","-76","710700"
"2022/10/21","16730","-54","708844"
"2022/10/24","16872","142","715950"
"2022/10/25","16992","120","721597"
"2022/10/26","17157","165","730169"
"2022/10/27","16921","-236","721141"
"2022/10/28","16905","-16","720953"
"2022/10/31","17321","416","739176"
"2022/11/01","17298","-23","738970"
"2022/11/02","17199","-99","735624"
"2022/11/04","16772","-427","728598"
"2022/11/07","16952","180","737509"
"2022/11/08","17079","127","743927"
"2022/11/09","17093","14","746498"
"2022/11/10","16891","-202","742937"
"2022/11/11","17131","240","754059"
"2022/11/14","17120","-11","755090"
"2022/11/15","17124","4","755238"
"2022/11/16","17189","65","760097"
"2022/11/17","17058","-131","755820"
"2022/11/18","17081","23","757523"
"2022/11/21","17144","63","761067"
"2022/11/22","17265","121","767259"
"2022/11/24","17259","-6","769391"
"2022/11/25","17275","16","770973"
"2022/11/28","17245","-30","769623"
"2022/11/29","16998","-247","760952"
"2022/11/30","17017","19","763836"
"2022/12/01","17248","231","775404"
"2022/12/02","17102","-146","770166"
"2022/12/05","16978","-124","777621"
"2022/12/06","16980","2","779245"
"2022/12/07","16855","-125","776778"
"2022/12/08","16712","-143","771392"
"2022/12/09","16885","173","780815"
"2022/12/12","16807","-78","783265"
"2022/12/13","17056","249","796235"
"2022/12/14","16936","-120","794910"
"2022/12/15","16899","-37","794650"
"2022/12/16","16746","-153","788688"
"2022/12/19","16401","-345","775147"
"2022/12/20","16105","-296","762709"
"2022/12/21","15785","-320","750231"
"2022/12/22","16047","262","765299"
"2022/12/23","15935","-112","762210"
"2022/12/26","15934","-1","764554"
"2022/12/27","16055","121","772748"
"2022/12/28","16102","47","775025"
"2022/12/29","15992","-110","769738"
"2022/12/30","16024","32","776361"
"2023/01/04","15757","-267","764282"
"2023/01/05","16068","311","780161"
"2023/01/06","16121","53","794818"
"2023/01/10","16304","183","808770"
"2023/01/11","16436","132","816506"
"2023/01/12","16552","116","829954"
"2023/01/13","16321","-231","819513"
"2023/01/16","16231","-90","815945"
"2023/01/17","16315","84","821146"
"2023/01/18","16623","308","836643"
"2023/01/19","16154","-469","816679"
"2023/01/20","16083","-71","813960"
"2023/01/23","16400","317","830884"
"2023/01/24","16691","291","847124"
"2023/01/25","16682","-9","846709"
"2023/01/26","16552","-130","840113"
"2023/01/27","16738","186","849544"
"2023/01/30","16833","95","858813"
"2023/01/31","16696","-137","852701"
"2023/02/01","16760","64","857328"
"2023/02/02","16766","6","858465"
"2023/02/03","16947","181","880281"
"2023/02/06","17249","302","897408"
"2023/02/07","17125","-124","891685"
"2023/02/08","17068","-57","890242"
"2023/02/09","17047","-21","889495"
"2023/02/10","16990","-57","891448"
"2023/02/13","16954","-36","890167"
"2023/02/14","17193","239","904255"
"2023/02/15","17257","64","909263"
"2023/02/16","17441","184","919896"
"2023/02/17","17325","-116","915230"
"2023/02/20","17275","-50","913319"
"2023/02/21","17273","-2","913759"
"2023/02/22","17074","-199","903183"
"2023/02/24","16995","-79","901531"
"2023/02/27","17045","50","905047"
"2023/02/28","17131","86","911582"
"2023/03/01","17072","-59","910872"
"2023/03/02","17056","-16","911422"
"2023/03/03","17208","152","932816"
"2023/03/06","17352","144","942086"
"2023/03/07","17403","51","945654"
"2023/03/08","17300","-103","941744"
"2023/03/09","17277","-23","941284"
"2023/03/10","16918","-359","926706"
"2023/03/13","16501","-417","904395"
"2023/03/14","16285","-216","894279"
"2023/03/15","16636","351","915618"
"2023/03/16","16269","-367","897830"
"2023/03/17","16522","253","914754"
"2023/03/20","16305","-217","904422"
"2023/03/22","16617","312","922968"
"2023/03/23","16309","-308","908080"
"2023/03/24","16312","3","909989"
"2023/03/27","16302","-10","910524"
"2023/03/28","16363","61","915420"
"2023/03/29","16457","94","923347"
"2023/03/30","16813","356","944526"
"2023/03/31","17078","265","960232"
"2023/04/03","17191","113","967351"
"2023/04/04","17205","14","968692"
"2023/04/05","17008","-197","971215"
"2023/04/06","16892","-116","965022"
"2023/04/07","17016","124","972116"
"2023/04/10","17125","109","979461"
"2023/04/11","17247","122","986462"
"2023/04/12","17346","99","992098"
"2023/04/13","17272","-74","995473"
"2023/04/14","17375","103","1001749"
"2023/04/17","17514","139","1010261"
"2023/04/18","17620","106","1016667"
"2023/04/19","17611","-9","1018212"
"2023/04/20","17671","60","1021710"
"2023/04/21","17532","-139","1013717"
"2023/04/24","17508","-24","1013310"
"2023/04/25","17562","54","1016965"
"2023/04/26","17239","-323","1000118"
"2023/04/27","17192","-47","998689"
"2023/04/28","17474","282","1015859"
"2023/05/01","17929","455","1043468"
"2023/05/02","18019","90","1049668"
"2023/05/08","17652","-367","1028343"
"2023/05/09","17721","69","1048146"
"2023/05/10","17619","-102","1042123"
"2023/05/11","17539","-80","1044688"
"2023/05/12","17549","10","1046991"
"2023/05/15","17691","142","1056276"
"2023/05/16","17777","86","1061984"
"2023/05/17","17730","-47","1061544"
"2023/05/18","17998","268","1078392"
"2023/05/19","18207","209","1091600"
"2023/05/22","18147","-60","1088904"
"2023/05/23","18257","110","1095851"
"2023/05/24","18092","-165","1087882"
"2023/05/25","18031","-61","1085121"
"2023/05/26","18116","85","1091388"
"2023/05/29","18445","329","1112756"
"2023/05/30","18383","-62","1109019"
"2023/05/31","18280","-103","1102773"
"2023/06/01","18074","-206","1093734"
"2023/06/02","18242","168","1105040"
"2023/06/05","18660","418","1145911"
"2023/06/06","18579","-81","1143052"
"2023/06/07","18599","20","1147050"
"2023/06/08","18606","7","1148378"
"2023/06/09","18616","10","1150464"
"2023/06/12","18670","54","1159473"
"2023/06/13","18843","173","1171413"
"2023/06/14","19044","201","1187778"
"2023/06/15","19123","79","1194071"
"2023/06/16","19325","202","1208184"
"2023/06/19","19511","186","1222783"
"2023/06/20","19497","-14","1223571"
"2023/06/21","19322","-175","1212615"
"2023/06/22","19285","-37","1215254"
"2023/06/23","19427","142","1225804"
"2023/06/26","19308","-119","1218338"
"2023/06/27","19265","-43","1218003"
"2023/06/28","19494","229","1236631"
"2023/06/29","19559","65","1242100"
"2023/06/30","19676","117","1251101"
"2023/07/03","19841","165","1262995"
"2023/07/04","19891","50","1267978"
"2023/07/05","19898","7","1287042"
"2023/07/06","19783","-115","1279645"
"2023/07/07","19513","-270","1266789"
"2023/07/10","19294","-219","1253932"
"2023/07/11","19207","-87","1250014"
"2023/07/12","19151","-56","1254827"
"2023/07/13","19203","52","1259720"
"2023/07/14","19324","121","1268924"
"2023/07/18","19473","149","1280384"
"2023/07/19","19595","122","1290013"
"2023/07/20","19714","119","1303457"
"2023/07/21","19656","-58","1301320"
"2023/07/24","19900","244","1319649"
"2023/07/25","19898","-2","1320833"
"2023/07/26","19923","25","1325726"
"2023/07/27","19827","-96","1321303"
"2023/07/28","19645","-182","1310588"
"2023/07/31","20006","361","1336312"
"2023/08/01","20247","241","1354531"
"2023/08/02","20254","7","1358256"
"2023/08/03","19958","-296","1355010"
"2023/08/04","19827","-131","1347982"
"2023/08/07","19642","-185","1336765"
"2023/08/08","19926","284","1358209"
"2023/08/09","19864","-62","1357887"
"2023/08/10","19882","18","1366367"
"2023/08/14","19968","86","1373631"
"2023/08/15","20071","103","1383091"
"2023/08/16","19865","-206","1372074"
"2023/08/17","19833","-32","1372972"
"2023/08/18","19606","-227","1358955"
"2023/08/21","19520","-86","1354703"
"2023/08/22","19729","209","1370697"
"2023/08/23","19647","-82","1368596"
"2023/08/24","19726","79","1375824"
"2023/08/25","19695","-31","1375335"
"2023/08/28","19817","122","1386146"
"2023/08/29","19947","130","1397485"
"2023/08/30","20163","216","1412625"
"2023/08/31","20264","101","1424214"
"2023/09/01","20149","-115","1417451"
"2023/09/04","20257","108","1426423"
"2023/09/05","20320","63","1448783"
"2023/09/06","20381","61","1453137"
"2023/09/07","20266","-115","1451125"
"2023/09/08","20068","-198","1438599"
"2023/09/11","20087","19","1442137"
"2023/09/12","20191","104","1457795"
"2023/09/13","20192","1","1462799"
"2023/09/14","20184","-8","1464496"
"2023/09/15","20405","221","1482458"
"2023/09/19","20250","-155","1472938"
"2023/09/20","20209","-41","1473217"
"2023/09/21","20155","-54","1474070"
"2023/09/22","19758","-397","1448401"
"2023/09/25","19851","93","1457261"
"2023/09/26","19897","46","1462750"
"2023/09/27","19668","-229","1452152"
"2023/09/28","19724","56","1458633"
"2023/09/29","19813","89","1467712"
"2023/10/02","19832","19","1471710"
"2023/10/03","19747","-85","1467323"
"2023/10/04","19393","-354","1441030"
"2023/10/05","19452","59","1469211"
"2023/10/06","19447","-5","1470583"
"2023/10/10","19735","288","1495090"
"2023/10/11","19916","181","1510619"
"2023/10/12","20099","183","1536802"
"2023/10/13","20062","-37","1536743"
"2023/10/16","19872","-190","1524443"
"2023/10/17","20033","161","1538671"
"2023/10/18","20074","41","1547006"
"2023/10/19","19817","-257","1529740"
"2023/10/20","19653","-164","1518969"
"2023/10/23","19415","-238","1501719"
"2023/10/24","19379","-36","1502391"
"2023/10/25","19504","125","1512019"
"2023/10/26","19316","-188","1504191"
"2023/10/27","19163","-153","1495781"
"2023/10/30","19026","-137","1487214"
"2023/10/31","19168","142","1500616"
"2023/11/01","19499","331","1530311"
"2023/11/02","19582","83","1539270"
"2023/11/06","20050","468","1596575"
"2023/11/07","20137","87","1606591"
"2023/11/08","20202","65","1616889"
"2023/11/09","20279","77","1624482"
"2023/11/10","20226","-53","1628680"
"2023/11/13","20421","195","1644947"
"2023/11/14","20466","45","1650806"
"2023/11/15","20732","266","1674947"
"2023/11/16","20906","174","1689632"
"2023/11/17","20828","-78","1686432"
"2023/11/20","20772","-56","1683186"
"2023/11/21","20683","-89","1677081"
"2023/11/22","20673","-10","1679781"
"2023/11/24","20919","246","1701513"
"2023/11/27","20909","-10","1702233"
"2023/11/28","20693","-216","1687451"
"2023/11/29","20569","-124","1681511"
"2023/11/30","20589","20","1685410"
"2023/12/01","20760","171","1701403"
"2023/12/04","20667","-93","1696367"
"2023/12/05","20663","-4","1717104"
"2023/12/06","20663","0","1721739"
"2023/12/07","20601","-62","1718826"
"2023/12/08","20165","-436","1684631"
"2023/12/11","20543","378","1719415"
"2023/12/12","20664","121","1741455"
"2023/12/13","20702","38","1752347"
"2023/12/14","20496","-206","1737461"
"2023/12/15","20649","153","1752676"
"2023/12/18","20590","-59","1749988"
"2023/12/19","20720","130","1766285"
"2023/12/20","21037","317","1798725"
"2023/12/21","20741","-296","1776796"
"2023/12/22","20749","8","1782003"
"2023/12/25","20750","1","1784658"
"2023/12/26","20768","18","1790455"
"2023/12/27","20930","162","1804393"
"2023/12/28","20885","-45","1800527"
"2023/12/29","20899","14","1820566"
"2024/01/04","20756","-143","1813804"
"2024/01/05","20972","216","1839034"
"2024/01/09","21046","74","1946893"
"2024/01/10","21111","65","1974071"
"2024/01/11","21339","228","2031043"
"2024/01/12","21283","-56","2041271"
"2024/01/15","21305","22","2054816"
"2024/01/16","21366","61","2071114"
"2024/01/17","21446","80","2078860"
"2024/01/18","21387","-59","2108303"
"2024/01/19","21536","149","2133707"
"2024/01/22","21759","223","2168170"
"2024/01/23","21791","32","2179479"
"2024/01/24","21830","39","2202900"
"2024/01/25","21865","35","2215512"
"2024/01/26","21916","51","2228075"
"2024/01/29","22034","118","2250208"
"2024/01/30","22054","20","2259925"
"2024/01/31","22062","8","2276859"
"2024/02/01","21699","-363","2246752"
"2024/02/02","21849","150","2270546"
"2024/02/05","22294","445","2363255"
"2024/02/06","22200","-94","2367749"
"2024/02/07","22202","2","2382719"
"2024/02/08","22370","168","2407572"
"2024/02/09","22561","191","2435411"
"2024/02/13","22665","104","2465126"
"2024/02/14","22557","-108","2459318"
"2024/02/15","22726","169","2477758"
"2024/02/16","22869","143","2520646"
"2024/02/19","22828","-41","2527927"
"2024/02/20","22868","40","2534940"
"2024/02/21","22758","-110","2522669"
"2024/02/22","22850","92","2555947"
"2024/02/26","23206","356","2601834"
"2024/02/27","23189","-17","2606188"
"2024/02/28","23206","17","2624144"
"2024/02/29","23162","-44","2624820"
"2024/03/01","23208","46","2635852"
"2024/03/04","23353","145","2657810"
"2024/03/05","23403","50","2710259"
"2024/03/06","23159","-244","2698902"
"2024/03/07","23144","-15","2705492"
"2024/03/08","23211","67","2718658"
"2024/03/11","22942","-269","2693674"
"2024/03/12","22902","-40","2708182"
"2024/03/13","23222","320","2757895"
"2024/03/14","23241","19","2763490"
"2024/03/15","23297","56","2773858"
"2024/03/18","23291","-6","2775979"
"2024/03/19","23385","94","2796462"
"2024/03/21","23894","509","2866182"
"2024/03/22","24117","223","2896367"
"2024/03/25","23998","-119","2890819"
"2024/03/26","23956","-42","2889829"
"2024/03/27","23970","14","2902932"
"2024/03/28","24080","110","2922083"
"2024/03/29","24097","17","2929099"
"2024/04/01","24090","-7","2933502"
"2024/04/02","24075","-15","2931707"
"2024/04/03","23936","-139","2914712"
"2024/04/04","24014","78","2990904"
"2024/04/05","23715","-299","2959050"
"2024/04/08","23968","253","2990575"
"2024/04/09","24049","81","3011960"
"2024/04/10","24044","-5","3038782"
"2024/04/11","24023","-21","3039692"
"2024/04/12","24134","111","3060775"
"2024/04/15","23884","-250","3032903"
"2024/04/16","23767","-117","3021886"
"2024/04/17","23657","-110","3018194"
"2024/04/18","23549","-108","3007120"
"2024/04/19","23546","-3","3013868"
"2024/04/22","23410","-136","2999468"
"2024/04/23","23611","201","3027381"
"2024/04/24","23916","305","3075083"
"2024/04/25","24005","89","3090192"
"2024/04/26","23961","-44","3088733"
"2024/04/30","24470","509","3159587"
"2024/05/01","24294","-176","3139893"
"2024/05/02","23996","-298","3110421"
"2024/05/07","24348","352","3156038"
"2024/05/08","24501","153","3237989"
"2024/05/09","24616","115","3264827"
"2024/05/10","24737","121","3303241"
"2024/05/13","24846","109","3321479"
"2024/05/14","24932","86","3339435"
"2024/05/15","25066","134","3365010"
"2024/05/16","24948","-118","3352652"
"2024/05/17","25178","230","3383576"
"2024/05/20","25276","98","3411596"
"2024/05/21","25389","113","3433409"
"2024/05/22","25358","-31","3439815"
"2024/05/23","25384","26","3448414"
"2024/05/24","25269","-115","3437737"
"2024/05/27","25336","67","3451971"
"2024/05/28","25396","60","3465421"
"2024/05/29","25409","13","3467114"
"2024/05/30","25187","-222","3452525"
"2024/05/31","24994","-193","3430011"
"2024/06/03","25213","219","3463880"
"2024/06/04","25189","-24","3464927"
"2024/06/05","24934","-255","3493097"
"2024/06/06","25281","347","3547024"
"2024/06/07","25339","58","3559911"
"2024/06/10","25450","111","3579240"
"2024/06/11","25524","74","3594960"
"2024/06/12","25473","-51","3587764"
"2024/06/13","25637","164","3647430"
"2024/06/14","25673","36","3656398"
"2024/06/17","25626","-47","3653245"
"2024/06/18","25805","179","3682171"
"2024/06/19","25940","135","3717388"
"2024/06/20","26000","60","3729921"
"2024/06/21","26120","120","3747144"
"2024/06/24","26172","52","3765619"
"2024/06/25","26141","-31","3765927"
"2024/06/26","26236","95","3789413"
"2024/06/27","26379","143","3817627"
"2024/06/28","26442","63","3832050"
"2024/07/01","26424","-18","3834548"
"2024/07/02","26569","145","3861905"
"2024/07/03","26654","85","3874206"
"2024/07/04","26832","178","3974351"
"2024/07/05","26847","15","3983460"
"2024/07/08","26859","12","3985308"
"2024/07/09","26921","62","4007773"
"2024/07/10","27008","87","4056016"
"2024/07/11","27282","274","4103111"
"2024/07/12","26778","-504","4036237"
"2024/07/16","26836","58","4050929"
"2024/07/17","26961","125","4075978"
"2024/07/18","26228","-733","3982273"
"2024/07/19","26292","64","4000512"
"2024/07/22","26098","-194","3974578"
"2024/07/23","26181","83","3990890"
"2024/07/24","25991","-190","3969631"
"2024/07/25","25109","-882","3838391"
"2024/07/26","25094","-15","3838275"
"2024/07/29","25297","203","3869244"
"2024/07/30","25342","45","3878528"
"2024/07/31","25027","-315","3837463"
"2024/08/01","24883","-144","3818410"
"2024/08/02","24475","-408","3759228"
"2024/08/05","23268","-1207","3621035"
"2024/08/06","22688","-580","3533804"
"2024/08/07","23195","507","3604882"
"2024/08/08","23037","-158","3580269"
"2024/08/09","23627","590","3678362"
"2024/08/13","23769","142","3729125"
"2024/08/14","24074","305","3781285"
"2024/08/15","24220","146","3817020"
"2024/08/16","24841","621","3919825"
"2024/08/19","24754","-87","3916437"
"2024/08/20","24759","5","3923089"
"2024/08/21","24587","-172","3904368"
"2024/08/22","24645","58","3918799"
"2024/08/23","24643","-2","3920427"
"2024/08/26","24452","-191","3891392"
"2024/08/27","24611","159","3918456"
"2024/08/28","24554","-57","3909439"
"2024/08/29","24482","-72","3906524"
"2024/08/30","24551","69","3920070"
"2024/09/02","24955","404","3986784"
"2024/09/03","25103","148","4011478"
"2024/09/04","24353","-750","3891596"
"2024/09/05","23992","-361","3895536"
"2024/09/06","23856","-136","3874597"
"2024/09/09","23437","-419","3811839"
"2024/09/10","23725","288","3860829"
"2024/09/11","23527","-198","3858171"
"2024/09/12","23833","306","3914890"
"2024/09/13","23849","16","3919761"
"2024/09/17","23890","41","3928580"
"2024/09/18","24062","172","3958569"
"2024/09/19","24324","262","4013383"
"2024/09/20","24590","266","4057245"
"2024/09/24","24748","158","4086608"
"2024/09/25","24832","84","4104997"
"2024/09/26","25023","191","4141254"
"2024/09/27","25400","377","4208724"
"2024/09/30","24913","-487","4129986"
"2024/10/01","25171","258","4175004"
"2024/10/02","24941","-230","4140847"
"2024/10/03","25521","580","4237031"
"2024/10/04","25360","-161","4266056"
"2024/10/07","25829","469","4352247"
"2024/10/08","25586","-243","4312301"
"2024/10/09","25705","119","4340077"
"2024/10/10","26010","305","4417695"
"2024/10/11","25870","-140","4396840"
"2024/10/15","26330","460","4480034"
"2024/10/16","26045","-285","4431508"
"2024/10/17","26159","114","4460871"
"2024/10/18","26250","91","4478515"
"2024/10/21","26268","18","4485368"
"2024/10/22","26376","108","4505683"
"2024/10/23","26428","52","4520112"
"2024/10/24","26479","51","4530301"
"2024/10/25","26404","-75","4518636"
"2024/10/28","26615","211","4555705"
"2024/10/29","26624","9","4561314"
"2024/10/30","26700","76","4579853"
"2024/10/31","26623","-77","4567546"
"2024/11/01","25962","-661","4454621"
"2024/11/05","26115","153","4482733"
"2024/11/06","26452","337","4588584"
"2024/11/07","27128","676","4729098"
"2024/11/08","27109","-19","4728614"
"2024/11/11","27107","-2","4732629"
"2024/11/12","27255","148","4782616"
"2024/11/13","27235","-20","4779056"
"2024/11/14","27321","86","4804972"
"2024/11/15","27389","68","4818717"
"2024/11/18","26709","-680","4699862"
"2024/11/19","26854","145","4733401"
"2024/11/20","27011","157","4768201"
"2024/11/21","27019","8","4772591"
"2024/11/22","27016","-3","4777849"
"2024/11/25","27115","99","4798164"
"2024/11/26","27136","21","4803652"
"2024/11/27","26978","-158","4783048"
"2024/11/28","26760","-218","4746895"
"2024/11/29","26586","-174","4718086"
"2024/12/02","26624","38","4724729"
"2024/12/03","26673","49","4739739"
"2024/12/04","26706","33","4799098"
"2024/12/05","26948","242","4854485"
"2024/12/06","26891","-57","4846456"
"2024/12/09","26906","15","4854814"
"2024/12/10","27104","198","4892958"
"2024/12/11","27057","-47","4915872"
"2024/12/12","27317","260","4970253"
"2024/12/13","27287","-30","4967240"
"2024/12/16","27408","121","4991235"
"2024/12/17","27524","116","5014699"
"2024/12/18","27305","-219","4983446"
"2024/12/19","26865","-440","4908544"
"2024/12/20","27240","375","4980515"
"2024/12/23","27224","-16","4982295"
"2024/12/24","27501","277","5041526"
"2024/12/25","27720","219","5086971"
"2024/12/26","27745","25","5110422"
"2024/12/27","27876","131","5134498"
"2024/12/30","27686","-190","5099463"
"2025/01/06","27473","-213","5099876"
"2025/01/07","27769","296","5173554"
"2025/01/08","27518","-251","5271804"
"2025/01/09","27550","32","5296575"
"2025/01/10","27499","-51","5322531"
"2025/01/14","26971","-528","5220233"
"2025/01/15","27141","170","5279364"
"2025/01/16","27271","130","5322690"
"2025/01/17","27102","-169","5303104"
"2025/01/20","27470","368","5381740"
"2025/01/21","27548","78","5405507"
"2025/01/22","27684","136","5432190"
"2025/01/23","27970","286","5504633"
"2025/01/24","28060","90","5526155"
"2025/01/27","27932","-128","5504157"
"2025/01/28","27544","-388","5432045"
"2025/01/29","27836","292","5501659"
"2025/01/30","27627","-209","5466047"
"2025/01/31","27705","78","5481433"
"2025/02/03","27719","14","5484319"
"2025/02/04","27489","-230","5438836"
"2025/02/05","27501","12","5518444"
"2025/02/06","27367","-134","5497565"
"2025/02/07","27258","-109","5483267"
"2025/02/10","27167","-91","5468441"
"2025/02/12","27561","394","5553738"
"2025/02/13","27783","222","5622778"
"2025/02/14","27773","-10","5628973"
"2025/02/17","27658","-115","5608441"
"2025/02/18","27646","-12","5608632"
"2025/02/19","27796","150","5639108"
"2025/02/20","27585","-211","5611582"
"2025/02/21","27282","-303","5551629"
"2025/02/25","26918","-364","5483487"
"2025/02/26","26595","-323","5420435"
"2025/02/27","26717","122","5456611"
"2025/02/28","26392","-325","5394294"
"2025/03/03","26789","397","5479904"
"2025/03/04","26311","-478","5388046"
"2025/03/05","26159","-152","5418242"
"2025/03/06","26442","283","5481632"
"2025/03/07","25920","-522","5379785"
"2025/03/10","25882","-38","5375175"
"2025/03/11","25167","-715","5230604"
"2025/03/12","25239","72","5280597"
"2025/03/13","25404","165","5316794"
"2025/03/14","25136","-268","5266185"
"2025/03/17","25683","547","5384620"
"2025/03/18","26021","338","5458552"
"2025/03/19","25927","-94","5453129"
"2025/03/21","25936","9","5458957"
"2025/03/24","26013","77","5478561"
"2025/03/25","26524","511","5593993"
"2025/03/26","26446","-78","5583143"
"2025/03/27","26271","-175","5551709"
"2025/03/28","26272","1","5556074"
"2025/03/31","25579","-693","5412128"
"2025/04/01","25596","17","5418752"
"2025/04/02","25733","137","5451879"
"2025/04/03","25516","-217","5447581"
"2025/04/04","24293","-1223","5194558"
"2025/04/07","22887","-1406","4905769"
"2025/04/08","22827","-60","4892809"
"2025/04/09","22305","-522","4792772"
"2025/04/10","23930","1625","5178228"
"2025/04/11","23124","-806","5012215"
"2025/04/14","23430","306","5089071"
"2025/04/15","23762","332","5165448"
"2025/04/16","23703","-59","5162944"
"2025/04/17","23319","-384","5086140"
"2025/04/18","23365","46","5100680"
"2025/04/21","23192","-173","5068309"
"2025/04/22","22806","-386","4983890"
"2025/04/23","23381","575","5109534"
"2025/04/24","23884","503","5230473"
"2025/04/25","24270","386","5317565"
"2025/04/28","24511","241","5373641"
"2025/04/30","24519","8","5381246"
"2025/05/01","24653","134","5418162"
"2025/05/02","25215","562","5545576"
"2025/05/07","24923","-292","5481429"
"2025/05/08","25063","140","5561741"
"2025/05/09","25511","448","5684270"
"2025/05/12","25572","61","5724838"
"2025/05/13","26515","943","5939979"
"2025/05/14","26591","76","5968372"
"2025/05/15","26449","-142","5938772"
"2025/05/16","26351","-98","5916693"
"2025/05/19","26464","113","5948798"
"2025/05/20","26559","95","5972075"
"2025/05/21","26375","-184","5935081"
"2025/05/22","25954","-421","5844768"
"2025/05/23","25990","36","5854008"
"2025/05/26","25710","-280","5791733"
"2025/05/27","25699","-11","5791099"
"2025/05/28","26309","610","5928654"
"2025/05/29","26518","209","5985275"
"2025/05/30","26263","-255","5930146"
"2025/06/02","26191","-72","5917020"
"2025/06/03","26138","-53","5905390"
"2025/06/04","26453","315","6021367"
"2025/06/05","26298","-155","6001642"
"2025/06/06","26441","143","6035971"
"2025/06/09","26816","375","6126873"
"2025/06/10","26827","11","6131973"
"2025/06/11","26975","148","6196371"
"2025/06/12","26833","-142","6168208"
"2025/06/13","26685","-148","6135447"
"2025/06/16","26658","-27","6134493"
"2025/06/17","26999","341","6214157"
"2025/06/18","26838","-161","6183928"
"2025/06/19","26728","-110","6163687"
"2025/06/20","26738","10","6166834"
"2025/06/23","26896","158","6203442"
"2025/06/24","26965","69","6224881"
"2025/06/25","27184","219","6276924"
"2025/06/26","27156","-28","6271266"
"2025/06/27","27312","156","6312042"
"2025/06/30","27500","188","6358997"
"2025/07/01","27400","-100","6337645"
"2025/07/02","27371","-29","6334697"
"2025/07/03","27477","106","6359153"
"2025/07/04","27829","352","6486303"
"2025/07/07","27750","-79","6479765"
"2025/07/08","27903","153","6515526"
"2025/07/09","28057","154","6561802"
"2025/07/10","28007","-50","6575634"
"2025/07/11","28208","201","6625479"
"2025/07/14","28169","-39","6620790"
"2025/07/15","28320","151","6657932"
"2025/07/16","28477","157","6702558"
"2025/07/17","28428","-49","6696461"
"2025/07/18","28617","189","6743488"
"2025/07/22","28474","-143","6713750"
"2025/07/23","28352","-122","6686774"
"2025/07/24","28625","273","6757783"
"2025/07/25","28795","170","6800407"
"2025/07/28","28890","95","6825758"
"2025/07/29","28942","52","6842843"
"2025/07/30","28842","-100","6824940"
"2025/07/31","28978","136","6858307"
"2025/08/01","29103","125","6889015"
"2025/08/04","28132","-971","6661944"
"2025/08/05","28369","237","6757579"
"2025/08/06","28459","90","6799451"
"2025/08/07","28650","191","6853339"
"2025/08/08","28669","19","6860970"
"2025/08/12","28972","303","6940090"
"2025/08/13","29132","160","7005071"
"2025/08/14","29045","-87","7000022"
"2025/08/15","29232","187","7046510"
"2025/08/18","29190","-42","7037233"
"2025/08/19","29246","56","7059089"
"2025/08/20","29091","-155","7028466"
"2025/08/21","28989","-102","7005394"
"2025/08/22","29116","127","7041545"
"2025/08/25","29289","173","7085804"
"2025/08/26","29139","-150","7051695"
"2025/08/27","29229","90","7073518"
"2025/08/28","29262","33","7093189"
"2025/08/29","29225","-37","7087587"
"2025/09/01","29139","-86","7082796"
"2025/09/02","29186","47","7097072"
"2025/09/03","29218","32","7104849"
